<?xml version="1.0" encoding="utf-8"?>
<extension version="3.2" type="plugin" group="content" method="upgrade">
	<name>Pozzito Live Chat & Support</name>
	<author>Alen Begovic - Pozzito Team</author>
	<creationDate>March 2017</creationDate>
	<copyright>Copyright (C) 2017 to Pozzito.com. All rights reserved.</copyright>
	<license>GNU/GPL version 3; see LICENSE.txt</license>
	<authorEmail>alen.begovic@pozzito.com</authorEmail>
	<authorUrl>www.pozzito.com</authorUrl>
	<version>1.0.1</version>
	<description>PLG_POZZITO_PLUGIN_DESC</description>
	<files>
		<filename plugin="pozzito">pozzito.php</filename>
		<folder>scripts</folder>
	</files>
	<languages folder="language/en-GB/">
		<language tag="en-GB">en-GB.plg_content_pozzito.ini</language>
		<language tag="en-GB">en-GB.plg_content_pozzito.sys.ini</language>
	</languages> 
	<config>
		<fields name="params">
			<fieldset name="basic">
				<field
					name="app_id"
					type="text"
					label="PLG_POZZITO_APP_ID_LABEL"
					description="PLG_POZZITO_APP_ID_DESC"
					default=""
					required="true"
					filter="string"
					size="50"
				/>

				<field
					name="api_key"
					type="text"
					label="PLG_POZZITO_API_KEY_LABEL"
					description="PLG_POZZITO_API_KEY_DESC"
					default=""
					required="true"
					filter="string"
					size="50"
				/>
			</fieldset>			
		</fields>
	</config>
	<updateservers>
		<server type="extension" name="pozzito" priority="1">http://opozzit.com/joomla_update/pozzito_update.xml</server>
	</updateservers>	
</extension>